-- 테스트 사용자 데이터 삽입
-- 모든 계정 비밀번호: secret123
INSERT OR REPLACE INTO users (id, email, name, password_hash, is_admin, created_at) VALUES 
  (1, 'admin@test.com', '관리자', '560af14971094168b13f8ffeb53031bd85644ecd37a58066431ab8516bee982d', 1, '2024-01-01 00:00:00'),
  (2, 'user1@test.com', '김독서', '560af14971094168b13f8ffeb53031bd85644ecd37a58066431ab8516bee982d', 0, '2024-01-02 00:00:00'),
  (3, 'user2@test.com', '이영성', '560af14971094168b13f8ffeb53031bd85644ecd37a58066431ab8516bee982d', 0, '2024-01-03 00:00:00'),
  (4, 'user3@test.com', '박묵상', '560af14971094168b13f8ffeb53031bd85644ecd37a58066431ab8516bee982d', 0, '2024-01-04 00:00:00'),
  (5, 'user4@test.com', '최기도', '560af14971094168b13f8ffeb53031bd85644ecd37a58066431ab8516bee982d', 0, '2024-01-05 00:00:00');

-- 테스트 미션 데이터 삽입
INSERT OR REPLACE INTO missions (id, title, description, start_date, end_date, is_active, created_at) VALUES 
  (1, '30일 독서 챌린지', '한 달 동안 매일 30분 이상 독서하기', '2024-01-01', '2024-01-31', 1, '2024-01-01 00:00:00'),
  (2, '21일 묵상 여행', '21일 동안 매일 아침 15분 묵상하기', '2024-01-01', '2024-01-21', 1, '2024-01-01 00:00:00'),
  (3, '7일 감사 일기', '일주일 동안 매일 감사한 일 3가지 적기', '2024-01-02', '2024-01-09', 0, '2024-01-02 00:00:00'),
  (4, '성경 일독 프로젝트', '1년간 성경 전체 읽기', '2024-01-01', '2024-12-31', 1, '2024-01-01 00:00:00'),
  (5, '영성 서적 탐독', '분기별 영성 관련 도서 읽기', '2024-01-03', '2024-04-03', 1, '2024-01-03 00:00:00');

-- 테스트 미션 참여 데이터 삽입
INSERT OR REPLACE INTO mission_participations (id, user_id, mission_id, joined_at) VALUES 
  (1, 2, 1, '2024-01-02 09:00:00'),
  (2, 2, 2, '2024-01-02 09:30:00'),
  (3, 3, 1, '2024-01-03 10:00:00'),
  (4, 3, 3, '2024-01-03 10:30:00'),
  (5, 4, 2, '2024-01-04 11:00:00'),
  (6, 4, 4, '2024-01-04 11:30:00'),
  (7, 5, 1, '2024-01-05 12:00:00'),
  (8, 5, 5, '2024-01-05 12:30:00');

-- 테스트 인증 데이터 삽입 (후기글 포함)
INSERT OR REPLACE INTO mission_verifications (id, user_id, mission_id, blog_url, review_text, verification_status, submitted_at, verified_at) VALUES 
  (1, 2, 1, 'https://blog.example.com/day1', '오늘 읽은 책이 정말 감동적이었어요. 새로운 관점을 얻었습니다.', 'completed', '2024-01-02 20:00:00', '2024-01-02 21:00:00'),
  (2, 2, 1, 'https://blog.example.com/day2', '어제보다 더 깊이 이해할 수 있었습니다. 꾸준함의 힘을 느껴요.', 'completed', '2024-01-03 20:00:00', '2024-01-03 21:00:00'),
  (3, 2, 1, 'https://blog.example.com/day3', '힘든 하루였지만 독서로 마음의 평안을 찾았어요.', 'pending', '2024-01-04 20:00:00', NULL),
  (4, 2, 2, 'https://blog.example.com/meditation1', '아침 묵상이 하루 전체를 바꿔주네요. 마음이 차분해졌습니다.', 'completed', '2024-01-02 21:00:00', '2024-01-02 22:00:00'),
  (5, 2, 2, 'https://blog.example.com/meditation2', '', 'needs_review', '2024-01-03 21:00:00', NULL),
  (6, 3, 1, 'https://blog.example.com/reading1', '이 책을 통해 새로운 영감을 얻었어요. 다른 분들도 꼭 읽어보세요!', 'completed', '2024-01-03 22:00:00', '2024-01-03 23:00:00'),
  (7, 3, 3, 'https://blog.example.com/gratitude1', '감사한 일을 적다 보니 하루가 얼마나 축복으로 가득한지 깨달았습니다.', 'completed', '2024-01-03 23:00:00', '2024-01-04 00:00:00'),
  (8, 3, 3, 'https://blog.example.com/gratitude2', '작은 것에서도 감사를 찾는 연습이 삶을 변화시키고 있어요.', 'completed', '2024-01-04 23:00:00', '2024-01-05 00:00:00'),
  (9, 4, 2, 'https://blog.example.com/prayer1', '묵상 시간이 저에게는 정말 소중한 시간입니다. 마음의 정리가 돼요.', 'completed', '2024-01-04 21:30:00', '2024-01-04 22:30:00'),
  (10, 4, 4, 'https://blog.example.com/bible1', '성경 읽기를 시작했는데, 생각보다 많은 지혜가 담겨 있네요.', 'pending', '2024-01-04 22:30:00', NULL),
  (11, 5, 5, 'https://blog.example.com/spiritual1', '영성 서적을 통해 삶의 의미를 다시 생각해보게 됐습니다.', 'completed', '2024-01-05 20:30:00', '2024-01-05 21:30:00'),
  (12, 2, 1, 'https://blog.example.com/day4', '오늘은 특히 집중이 잘 됐어요. 좋은 내용이 많았습니다.', 'completed', '2024-01-05 20:00:00', '2024-01-05 21:00:00'),
  (13, 2, 1, 'https://blog.example.com/day5', '조금 피곤했지만 그래도 목표를 지켰어요. 뿌듯합니다!', 'pending', '2024-01-06 20:00:00', NULL),
  (14, 2, 2, 'https://blog.example.com/meditation3', '묵상을 통해 내면의 소리에 귀 기울이는 법을 배우고 있어요.', 'completed', '2024-01-05 21:00:00', '2024-01-05 22:00:00'),
  (15, 3, 1, 'https://blog.example.com/reading2', '이 책의 메시지가 제 마음에 깊이 와 닿았습니다. 추천해요!', 'needs_review', '2024-01-05 22:00:00', NULL);